Loan_ID,loan_status,Loan,terms,effective_date,due_date,paid_off_time,paid_in_advance,age,education,Gender
xqd20166231,PAIDOFF,1000,30,9/8/2016,10/7/2016,9/14/2016 19:31,1,45,High School or Below,male
xqd20168902,PAIDOFF,1000,30,9/8/2016,10/7/2016,10/7/2016 9:00,1,50,BSc,female
xqd20160003,PAIDOFF,1000,30,9/8/2016,10/7/2016,9/25/2016 16:58,1,33,BSc,female
xqd20160004,PAIDOFF,1000,15,9/8/2016,9/22/2016,9/22/2016 20:00,1,27,BSc,male
xqd20160005,PAIDOFF,1000,30,9/9/2016,10/8/2016,9/23/2016 21:36,1,28,BSc,female
xqd20160706,PAIDOFF,300,7,9/9/2016,9/15/2016,9/9/2016 13:45,1,35,Master or Above,male
xqd20160007,PAIDOFF,1000,30,9/9/2016,10/8/2016,10/7/2016 23:07,1,29,BSc,male
xqd20160008,PAIDOFF,1000,30,9/9/2016,10/8/2016,10/5/2016 20:33,1,36,BSc,male
xqd20160909,PAIDOFF,1000,30,9/9/2016,10/8/2016,10/8/2016 16:00,1,28,BSc,male
xqd20160010,PAIDOFF,800,15,9/10/2016,9/24/2016,9/24/2016 13:00,1,26,BSc,male
xqd20160011,PAIDOFF,300,7,9/10/2016,9/16/2016,9/11/2016 19:11,1,29,BSc,male
xqd20160012,PAIDOFF,1000,15,9/10/2016,10/9/2016,10/9/2016 16:00,1,39,High School or Below,male
xqd20160013,PAIDOFF,1000,30,9/10/2016,10/9/2016,10/7/2016 23:32,1,26,BSc,male
xqd20160014,PAIDOFF,900,7,9/10/2016,9/16/2016,9/13/2016 21:57,1,26,BSc,female
xqd20160015,PAIDOFF,1000,7,9/10/2016,9/16/2016,9/15/2016 14:27,1,27,High School or Below,male
xqd20160016,PAIDOFF,800,15,9/10/2016,9/24/2016,9/24/2016 16:00,1,26,BSc,male
xqd20160017,PAIDOFF,1000,30,9/10/2016,10/9/2016,9/27/2016 14:21,1,40,High School or Below,male
xqd20160018,PAIDOFF,1000,15,9/10/2016,9/24/2016,9/23/2016 18:49,1,32,High School or Below,male
xqd20160019,PAIDOFF,1000,30,9/10/2016,10/9/2016,10/5/2016 22:05,1,32,High School or Below,male
xqd20160020,PAIDOFF,800,30,9/10/2016,10/9/2016,9/23/2016 7:42,1,26,BSc,male
xqd20160021,PAIDOFF,1000,30,9/10/2016,10/9/2016,10/9/2016 9:00,1,26,BSc,male
xqd20160022,PAIDOFF,1000,30,9/10/2016,10/9/2016,10/8/2016 17:09,1,43,High School or Below,female
xqd20160023,PAIDOFF,1000,30,9/10/2016,10/9/2016,10/9/2016 23:00,1,25,High School or Below,male
xqd20160024,PAIDOFF,1000,15,9/10/2016,9/24/2016,9/24/2016 13:00,1,26,BSc,male
xqd20160025,PAIDOFF,1000,30,9/10/2016,10/9/2016,10/3/2016 12:50,1,26,BSc,male
xqd20160026,PAIDOFF,1000,30,9/10/2016,10/9/2016,9/29/2016 12:18,1,29,High School or Below,male
xqd20160027,PAIDOFF,800,15,9/10/2016,9/24/2016,9/21/2016 20:16,1,39,BSc,male
xqd20170088,PAIDOFF,1000,15,9/10/2016,9/24/2016,9/23/2016 8:21,1,34,BSc,male
xqd20160029,PAIDOFF,1000,30,9/11/2016,10/10/2016,9/22/2016 19:17,1,31,BSc,male
xqd20160030,PAIDOFF,1000,30,9/11/2016,10/10/2016,10/9/2016 17:33,1,33,BSc,male
xqd88160031,PAIDOFF,800,15,9/11/2016,9/25/2016,9/24/2016 14:41,1,33,High School or Below,male
xqd20160032,PAIDOFF,1000,30,9/11/2016,10/10/2016,10/7/2016 21:48,1,37,BSc,male
xqd20160033,PAIDOFF,1000,30,9/11/2016,10/10/2016,10/9/2016 17:44,1,27,BSc,male
xqd22169034,PAIDOFF,1000,30,9/11/2016,10/10/2016,10/9/2016 7:24,1,37,BSc,male
xqd20160035,PAIDOFF,800,15,9/11/2016,9/25/2016,9/25/2016 21:49,1,33,BSc,male
xqd20160036,PAIDOFF,800,15,9/11/2016,9/25/2016,9/25/2016 9:00,1,29,BSc,male
xqd20160037,PAIDOFF,1000,30,9/11/2016,10/10/2016,10/10/2016 16:00,1,27,High School or Below,male
xqd20160038,PAIDOFF,700,15,9/11/2016,9/25/2016,9/25/2016 13:00,1,33,High School or Below,male
xqd20160039,PAIDOFF,1000,15,9/11/2016,9/25/2016,9/25/2016 9:00,1,24,BSc,male
xqd20160040,PAIDOFF,1000,30,9/11/2016,10/10/2016,10/10/2016 11:33,1,21,BSc,male
xqd20160041,PAIDOFF,1000,15,9/11/2016,9/25/2016,9/25/2016 9:00,1,32,BSc,female
xqd20160042,PAIDOFF,800,15,9/11/2016,9/25/2016,9/25/2016 14:36,1,30,BSc,male
xqd20160043,PAIDOFF,1000,7,9/11/2016,9/24/2016,9/24/2016 9:00,1,31,BSc,male
xqd20160044,PAIDOFF,1000,15,9/11/2016,9/25/2016,9/20/2016 15:00,1,30,BSc,male
xqd20160045,PAIDOFF,1000,15,9/11/2016,9/25/2016,9/21/2016 22:29,1,24,BSc,female
xqd20160046,PAIDOFF,800,7,9/11/2016,9/17/2016,9/12/2016 22:17,1,35,High School or Below,male
xqd20160047,PAIDOFF,1000,30,9/11/2016,10/10/2016,10/8/2016 14:14,1,22,High School or Below,male
xqd20160048,PAIDOFF,1000,30,9/11/2016,10/10/2016,10/9/2016 8:53,1,32,BSc,male
xqd20160049,PAIDOFF,1000,30,9/11/2016,10/10/2016,10/10/2016 9:00,1,32,BSc,male
xqd20160050,PAIDOFF,800,15,9/11/2016,9/25/2016,9/25/2016 19:21,1,50,High School or Below,male
xqd20160051,PAIDOFF,800,15,9/11/2016,9/25/2016,9/25/2016 13:00,1,27,BSc,female
xqd20160052,PAIDOFF,1000,30,9/11/2016,10/10/2016,10/10/2016 9:00,1,35,BSc,female
xqd20160053,PAIDOFF,800,15,9/11/2016,9/25/2016,9/13/2016 4:34,1,35,BSc,female
xqd20160054,PAIDOFF,1000,30,9/11/2016,10/10/2016,10/10/2016 9:00,1,34,High School or Below,male
xqd20160055,PAIDOFF,1000,30,9/11/2016,10/10/2016,10/10/2016 16:00,1,21,High School or Below,male
xqd20160056,PAIDOFF,1000,15,9/11/2016,9/25/2016,9/25/2016 16:00,1,25,BSc,male
xqd20160057,PAIDOFF,1000,30,9/11/2016,10/10/2016,10/10/2016 9:00,1,27,High School or Below,male
xqd20160058,PAIDOFF,1000,30,9/11/2016,10/10/2016,10/7/2016 2:33,1,26,BSc,male
xqd20160059,PAIDOFF,800,15,9/11/2016,9/25/2016,9/24/2016 11:40,1,44,High School or Below,female
xqd20160060,PAIDOFF,800,15,9/11/2016,9/25/2016,9/22/2016 6:38,1,39,Master or Above,male
xqd20160061,PAIDOFF,1000,30,9/11/2016,10/10/2016,9/30/2016 21:12,1,34,BSc,male
xqd20160062,PAIDOFF,1000,15,9/11/2016,9/25/2016,9/24/2016 13:42,1,37,BSc,male
xqd20160063,PAIDOFF,1000,30,9/11/2016,10/10/2016,10/8/2016 7:25,1,34,High School or Below,male
xqd20160064,PAIDOFF,1000,30,9/11/2016,10/10/2016,9/12/2016 11:40,1,45,BSc,male
xqd20160065,PAIDOFF,800,15,9/11/2016,9/25/2016,9/25/2016 14:38,1,24,High School or Below,male
xqd20160066,PAIDOFF,900,15,9/11/2016,9/25/2016,9/25/2016 23:00,1,28,BSc,male
xqd20160067,PAIDOFF,1000,30,9/11/2016,10/10/2016,10/8/2016 12:04,1,28,BSc,male
xqd20160068,PAIDOFF,1000,30,9/11/2016,10/10/2016,10/10/2016 9:00,1,37,High School or Below,male
xqd20160069,PAIDOFF,300,7,9/11/2016,9/17/2016,9/14/2016 22:05,1,35,BSc,male
xqd20160070,PAIDOFF,1000,30,9/11/2016,10/10/2016,9/24/2016 13:27,1,43,BSc,male
xqd20160071,PAIDOFF,800,15,9/11/2016,9/25/2016,9/22/2016 21:18,1,29,BSc,male
xqd20160072,PAIDOFF,800,15,9/11/2016,9/25/2016,9/24/2016 22:53,1,29,High School or Below,male
xqd20160073,PAIDOFF,1000,30,9/11/2016,10/10/2016,10/10/2016 16:00,1,33,BSc,female
xqd20160074,PAIDOFF,1000,15,9/11/2016,9/25/2016,9/25/2016 9:00,1,34,BSc,male
xqd20160075,PAIDOFF,1000,15,9/11/2016,9/25/2016,9/25/2016 9:00,1,25,BSc,male
xqd20160076,PAIDOFF,1000,30,9/11/2016,10/10/2016,10/8/2016 13:12,1,30,High School or Below,male
xqd20160077,PAIDOFF,1000,30,9/11/2016,10/10/2016,10/9/2016 13:49,1,31,BSc,male
xqd20160078,PAIDOFF,1000,30,9/11/2016,10/10/2016,10/10/2016 9:00,1,35,BSc,male
xqd20160079,PAIDOFF,1000,30,9/11/2016,10/10/2016,9/30/2016 14:29,1,37,BSc,female
xqd20160080,PAIDOFF,1000,30,9/11/2016,10/10/2016,10/10/2016 9:00,1,44,High School or Below,female
xqd20160081,PAIDOFF,1000,30,9/11/2016,10/10/2016,9/21/2016 16:18,1,28,High School or Below,male
xqd20160082,PAIDOFF,1000,7,9/11/2016,9/17/2016,9/13/2016 14:53,1,25,BSc,male
xqd20160083,PAIDOFF,1000,15,9/11/2016,9/25/2016,9/25/2016 9:00,1,29,BSc,male
xqd20160084,PAIDOFF,800,15,9/11/2016,9/25/2016,9/25/2016 13:00,1,33,BSc,male
xqd20160085,PAIDOFF,1000,30,9/11/2016,10/10/2016,10/10/2016 13:00,1,37,High School or Below,female
xqd20160086,PAIDOFF,1000,30,9/11/2016,11/9/2016,11/9/2016 9:00,1,33,BSc,male
xqd20160087,PAIDOFF,1000,30,9/11/2016,10/10/2016,10/10/2016 9:00,1,24,High School or Below,female
xqd20160088,PAIDOFF,1000,30,9/11/2016,10/10/2016,9/17/2016 13:01,1,27,BSc,female
xqd20160089,PAIDOFF,800,15,9/11/2016,9/25/2016,9/21/2016 9:35,1,43,BSc,male
xqd90160090,PAIDOFF,800,15,9/11/2016,9/25/2016,9/24/2016 20:33,1,46,High School or Below,female
xqd91160291,PAIDOFF,800,15,9/11/2016,9/25/2016,9/25/2016 9:00,1,34,BSc,female
xqd90160092,PAIDOFF,1000,7,9/11/2016,9/17/2016,9/17/2016 9:00,1,32,BSc,female
xqd90163093,PAIDOFF,800,15,9/11/2016,9/25/2016,9/24/2016 0:12,1,38,High School or Below,male
xqd20160094,PAIDOFF,800,15,9/11/2016,9/25/2016,9/21/2016 12:43,1,27,High School or Below,male
xqd20167095,PAIDOFF,1000,30,9/11/2016,10/10/2016,10/10/2016 13:00,1,33,High School or Below,male
xqd20160096,PAIDOFF,1000,30,9/11/2016,10/10/2016,10/8/2016 20:49,1,36,BSc,male
xqd20160097,PAIDOFF,1000,15,9/11/2016,9/25/2016,9/20/2016 5:38,1,26,High School or Below,male
xqd20160098,PAIDOFF,1000,30,9/11/2016,10/10/2016,10/10/2016 9:01,1,34,BSc,male
xqd20160099,PAIDOFF,1000,30,9/11/2016,10/10/2016,10/10/2016 9:01,1,22,High School or Below,male
xqd20160100,PAIDOFF,1000,30,9/11/2016,10/10/2016,10/8/2016 16:55,1,31,BSc,female
xqd20160101,PAIDOFF,1000,7,9/11/2016,9/17/2016,9/17/2016 9:00,1,29,High School or Below,male
xqd20160102,PAIDOFF,800,15,9/11/2016,9/25/2016,9/25/2016 9:00,1,38,BSc,male
xqd20160103,PAIDOFF,1000,30,9/11/2016,10/10/2016,10/10/2016 16:00,1,30,BSc,male
xqd20160104,PAIDOFF,1000,15,9/11/2016,9/25/2016,9/25/2016 23:48,1,45,High School or Below,male
xqd20160105,PAIDOFF,1000,15,9/11/2016,9/25/2016,9/22/2016 13:15,1,35,BSc,male
xqd20160106,PAIDOFF,1000,30,9/11/2016,10/10/2016,9/23/2016 13:31,1,30,BSc,male
xqd20160107,PAIDOFF,1000,30,9/11/2016,10/10/2016,10/8/2016 17:19,1,31,High School or Below,male
xqd20160108,PAIDOFF,1000,30,9/11/2016,10/10/2016,10/10/2016 9:01,1,31,High School or Below,male
xqd20160109,PAIDOFF,1000,30,9/11/2016,10/10/2016,10/9/2016 13:05,1,28,BSc,male
xqd20160110,PAIDOFF,1000,7,9/11/2016,9/24/2016,9/24/2016 13:00,1,29,BSc,male
xqd20160111,PAIDOFF,800,15,9/11/2016,9/25/2016,9/20/2016 20:47,1,29,BSc,male
xqd20160112,PAIDOFF,1000,30,9/11/2016,11/9/2016,11/9/2016 9:00,1,27,BSc,female
xqd20160113,PAIDOFF,1000,30,9/11/2016,10/10/2016,10/10/2016 9:01,1,27,BSc,male
xqd20160114,PAIDOFF,1000,30,9/11/2016,10/10/2016,10/10/2016 13:01,1,33,BSc,male
xqd20160115,PAIDOFF,1000,30,9/11/2016,10/10/2016,10/8/2016 21:39,1,28,BSc,male
xqd20160116,PAIDOFF,1000,15,9/11/2016,9/25/2016,9/25/2016 23:00,1,25,High School or Below,male
xqd20160117,PAIDOFF,1000,30,9/11/2016,10/10/2016,10/7/2016 14:23,1,40,BSc,male
xqd20160118,PAIDOFF,1000,30,9/11/2016,10/10/2016,10/6/2016 15:25,1,23,High School or Below,male
xqd20160119,PAIDOFF,1000,30,9/11/2016,10/10/2016,10/8/2016 6:56,1,35,BSc,male
xqd20160120,PAIDOFF,800,15,9/11/2016,9/25/2016,9/16/2016 11:58,1,24,BSc,male
xqd20160121,PAIDOFF,1000,30,9/11/2016,10/10/2016,10/10/2016 16:01,1,34,BSc,male
xqd20160122,PAIDOFF,1000,30,9/11/2016,10/10/2016,9/27/2016 7:02,1,22,High School or Below,male
xqd20160123,PAIDOFF,1000,15,9/11/2016,10/25/2016,10/25/2016 9:00,1,20,BSc,male
xqd20160124,PAIDOFF,1000,15,9/11/2016,9/25/2016,9/24/2016 11:02,1,23,BSc,male
xqd20160125,PAIDOFF,1000,30,9/11/2016,10/10/2016,9/29/2016 18:57,1,33,BSc,male
xqd20160126,PAIDOFF,1000,30,9/11/2016,10/10/2016,10/10/2016 13:01,1,26,BSc,male
xqd20160127,PAIDOFF,1000,15,9/11/2016,9/25/2016,9/25/2016 9:00,1,28,High School or Below,male
xqd20160128,PAIDOFF,800,15,9/11/2016,9/25/2016,9/25/2016 12:24,1,43,High School or Below,male
xqd78160129,PAIDOFF,1000,15,9/11/2016,9/25/2016,9/25/2016 13:00,1,34,BSc,male
xqd20160130,PAIDOFF,1000,30,9/11/2016,10/10/2016,9/26/2016 4:41,1,38,BSc,male
xqd20160131,PAIDOFF,1000,15,9/11/2016,9/25/2016,9/22/2016 15:44,1,26,High School or Below,male
xqd20160132,PAIDOFF,800,15,9/11/2016,9/25/2016,9/25/2016 16:00,1,43,High School or Below,male
xqd20160133,PAIDOFF,1000,30,9/11/2016,10/10/2016,10/10/2016 16:13,1,26,High School or Below,male
xqd20160134,PAIDOFF,1000,30,9/11/2016,10/10/2016,9/30/2016 7:12,1,33,BSc,female
xqd20160135,PAIDOFF,800,15,9/11/2016,9/25/2016,9/23/2016 11:26,1,24,BSc,male
xqd20160136,PAIDOFF,1000,30,9/11/2016,10/10/2016,9/12/2016 10:26,1,30,High School or Below,male
xqd20160137,PAIDOFF,800,15,9/11/2016,9/25/2016,9/25/2016 13:00,1,32,High School or Below,female
xqd20160138,PAIDOFF,1000,15,9/11/2016,10/25/2016,10/25/2016 9:00,1,22,BSc,male
xqd20160139,PAIDOFF,1000,15,9/11/2016,9/25/2016,9/22/2016 21:45,1,47,High School or Below,male
xqd56160140,PAIDOFF,1000,30,9/11/2016,10/10/2016,10/9/2016 20:28,1,20,High School or Below,male
xqd20160141,PAIDOFF,1000,30,9/11/2016,10/10/2016,10/1/2016 16:48,1,28,High School or Below,male
xqd20160142,PAIDOFF,800,15,9/11/2016,9/25/2016,9/25/2016 9:01,1,35,BSc,male
xqd20160143,PAIDOFF,1000,7,9/11/2016,9/17/2016,9/15/2016 20:36,1,27,High School or Below,male
xqd20160144,PAIDOFF,800,15,9/11/2016,9/25/2016,9/21/2016 15:33,1,33,BSc,female
xqd20160145,PAIDOFF,1000,30,9/11/2016,10/10/2016,9/29/2016 13:36,1,30,High School or Below,male
xqd20160146,PAIDOFF,1000,15,9/11/2016,9/25/2016,9/22/2016 20:51,1,31,BSc,male
xqd20160147,PAIDOFF,1000,30,9/11/2016,11/9/2016,11/9/2016 23:00,1,26,BSc,female
xqd20160148,PAIDOFF,300,7,9/12/2016,9/18/2016,9/18/2016 9:00,1,37,Master or Above,male
xqd20160149,PAIDOFF,1000,15,9/12/2016,9/26/2016,9/26/2016 9:00,1,26,BSc,male
xqd20160150,PAIDOFF,800,15,9/12/2016,9/26/2016,9/24/2016 10:14,1,35,BSc,male
xqd20160151,PAIDOFF,1000,15,9/12/2016,10/26/2016,10/26/2016 9:00,1,29,BSc,male
xqd34160152,PAIDOFF,800,15,9/12/2016,9/26/2016,9/23/2016 20:30,1,23,BSc,male
xqd20160153,PAIDOFF,500,15,9/12/2016,9/26/2016,9/13/2016 20:17,1,23,BSc,female
xqd20160154,PAIDOFF,1000,15,9/12/2016,9/26/2016,9/26/2016 9:00,1,30,BSc,male
xqd20160155,PAIDOFF,1000,30,9/12/2016,10/11/2016,10/10/2016 7:01,1,34,BSc,male
xqd20160156,PAIDOFF,1000,30,9/12/2016,10/11/2016,10/11/2016 13:00,1,36,High School or Below,female
xqd20160157,PAIDOFF,1000,15,9/12/2016,9/26/2016,9/26/2016 9:00,1,26,BSc,male
xqd20160158,PAIDOFF,800,15,9/12/2016,9/26/2016,9/24/2016 14:55,1,29,High School or Below,male
xqd12160159,PAIDOFF,1000,15,9/12/2016,9/26/2016,9/26/2016 9:00,1,28,BSc,female
xqd20160160,PAIDOFF,1000,30,9/12/2016,10/11/2016,9/25/2016 20:56,1,27,High School or Below,male
xqd20160161,PAIDOFF,1000,15,9/12/2016,9/26/2016,9/22/2016 10:49,1,24,High School or Below,male
xqd20160162,PAIDOFF,800,15,9/12/2016,9/26/2016,9/25/2016 22:09,1,31,BSc,male
xqd20160163,PAIDOFF,1000,30,9/12/2016,10/11/2016,10/11/2016 9:00,1,28,High School or Below,male
xqd28160164,PAIDOFF,1000,15,9/12/2016,9/26/2016,9/26/2016 9:00,1,27,BSc,female
xqd20160165,PAIDOFF,1000,15,9/12/2016,9/26/2016,9/26/2016 19:33,1,25,High School or Below,male
xqd20160166,PAIDOFF,1000,30,9/12/2016,11/10/2016,11/10/2016 16:00,1,24,High School or Below,male
xqd20160167,PAIDOFF,1000,30,9/12/2016,10/11/2016,10/11/2016 16:00,1,28,BSc,male
xqd20160168,PAIDOFF,800,30,9/12/2016,10/11/2016,10/11/2016 16:00,1,28,BSc,male
xqd20160169,PAIDOFF,1000,15,9/12/2016,9/26/2016,9/26/2016 13:00,1,35,High School or Below,male
xqd27160170,PAIDOFF,1000,30,9/12/2016,10/11/2016,10/11/2016 13:00,1,38,BSc,male
xqd20160171,PAIDOFF,1000,15,9/12/2016,9/26/2016,9/26/2016 16:00,1,38,High School or Below,male
xqd20160172,PAIDOFF,1000,30,9/12/2016,10/11/2016,10/11/2016 16:00,1,29,BSc,male
xqd20160173,PAIDOFF,800,15,9/12/2016,9/26/2016,9/26/2016 13:00,1,35,High School or Below,male
xqd20160174,PAIDOFF,1000,30,9/12/2016,10/11/2016,9/17/2016 7:39,1,24,BSc,male
xqd20160175,PAIDOFF,800,15,9/12/2016,9/26/2016,9/22/2016 10:30,1,39,High School or Below,male
xqd20160176,PAIDOFF,800,15,9/12/2016,9/26/2016,9/26/2016 13:00,1,25,BSc,male
xqd20160177,PAIDOFF,1000,30,9/12/2016,10/11/2016,10/11/2016 16:00,1,38,High School or Below,male
xqd20160178,PAIDOFF,1000,30,9/12/2016,10/11/2016,10/10/2016 20:41,1,30,BSc,male
xqd20160179,PAIDOFF,1000,30,9/12/2016,10/11/2016,10/11/2016 9:00,1,21,High School or Below,male
xqd20160180,PAIDOFF,1000,30,9/12/2016,10/11/2016,10/10/2016 8:04,1,46,BSc,male
xqd20160181,PAIDOFF,1000,15,9/12/2016,9/26/2016,9/24/2016 11:00,1,31,High School or Below,female
xqd20160182,PAIDOFF,300,7,9/12/2016,9/18/2016,9/17/2016 9:25,1,29,High School or Below,male
xqd20160183,PAIDOFF,1000,30,9/12/2016,10/11/2016,10/7/2016 11:53,1,35,High School or Below,male
xqd20160184,PAIDOFF,800,15,9/12/2016,9/26/2016,9/25/2016 8:39,1,30,High School or Below,male
xqd20160185,PAIDOFF,1000,30,9/12/2016,10/11/2016,10/11/2016 9:00,1,27,High School or Below,male
xqd20160186,PAIDOFF,1000,30,9/12/2016,10/11/2016,10/10/2016 20:28,1,31,High School or Below,female
xqd20160187,PAIDOFF,1000,30,9/12/2016,10/11/2016,10/1/2016 10:18,1,33,BSc,male
xqd20160188,PAIDOFF,1000,15,9/12/2016,9/26/2016,9/26/2016 16:00,1,34,High School or Below,male
xqd20160189,PAIDOFF,800,15,9/12/2016,9/26/2016,9/19/2016 21:07,1,28,BSc,male
xqd20160190,PAIDOFF,800,15,9/12/2016,9/26/2016,9/26/2016 9:00,1,42,BSc,male
xqd20160191,PAIDOFF,1000,30,9/12/2016,10/11/2016,9/30/2016 14:38,1,32,BSc,male
xqd20160192,PAIDOFF,1000,30,9/12/2016,10/11/2016,10/11/2016 13:00,1,30,High School or Below,male
xqd20160193,PAIDOFF,1000,15,9/12/2016,9/26/2016,9/14/2016 20:31,1,25,High School or Below,female
xqd20160194,PAIDOFF,1000,30,9/12/2016,10/11/2016,10/11/2016 9:00,1,27,High School or Below,female
xqd20160195,PAIDOFF,800,15,9/12/2016,9/26/2016,9/24/2016 16:15,1,21,BSc,male
xqd20160196,PAIDOFF,1000,30,9/12/2016,10/11/2016,10/10/2016 15:49,1,24,BSc,male
xqd20160197,PAIDOFF,1000,30,9/12/2016,11/10/2016,11/10/2016 13:00,1,29,BSc,male
xqd20160198,PAIDOFF,1000,15,9/12/2016,9/26/2016,9/23/2016 10:32,1,40,BSc,male
xqd20160199,PAIDOFF,1000,30,9/12/2016,10/11/2016,9/30/2016 14:03,1,29,High School or Below,male
xqd20160200,PAIDOFF,1000,30,9/12/2016,10/11/2016,10/9/2016 14:17,1,29,BSc,male
xqd20160201,PAIDOFF,1000,15,9/12/2016,9/26/2016,9/20/2016 8:26,1,30,BSc,male
xqd20160202,PAIDOFF,1000,30,9/12/2016,10/11/2016,10/11/2016 23:00,1,26,High School or Below,female
xqd20160203,PAIDOFF,1000,15,9/12/2016,9/26/2016,9/24/2016 20:47,1,36,High School or Below,male
xqd20160204,PAIDOFF,800,15,9/12/2016,9/26/2016,9/26/2016 16:00,1,27,BSc,male
xqd20160205,PAIDOFF,1000,30,9/12/2016,10/11/2016,10/11/2016 9:01,1,20,BSc,male
xqd20160206,PAIDOFF,1000,7,9/12/2016,9/18/2016,9/16/2016 14:52,1,26,BSc,female
xqd20160207,PAIDOFF,1000,30,9/12/2016,11/10/2016,11/10/2016 13:00,1,26,BSc,male
xqd20160208,PAIDOFF,1000,30,9/12/2016,10/11/2016,10/9/2016 10:00,1,27,BSc,male
xqd20160209,PAIDOFF,300,7,9/12/2016,9/18/2016,9/12/2016 14:40,1,23,High School or Below,male
xqd20160210,PAIDOFF,1000,30,9/12/2016,10/11/2016,10/11/2016 16:00,1,39,High School or Below,male
xqd20160211,PAIDOFF,1000,15,9/12/2016,9/26/2016,9/23/2016 21:58,1,27,High School or Below,male
xqd20160212,PAIDOFF,1000,30,9/12/2016,10/11/2016,10/8/2016 18:48,1,30,High School or Below,male
xqd20160213,PAIDOFF,1000,30,9/12/2016,10/11/2016,10/10/2016 16:41,1,33,High School or Below,female
xqd20160214,PAIDOFF,1000,30,9/12/2016,10/11/2016,10/11/2016 13:01,1,27,High School or Below,male
xqd20160215,PAIDOFF,1000,30,9/12/2016,10/11/2016,9/16/2016 2:34,1,35,High School or Below,male
xqd20160216,PAIDOFF,1000,30,9/12/2016,11/10/2016,11/10/2016 16:00,1,29,BSc,female
xqd20160217,PAIDOFF,1000,15,9/12/2016,9/26/2016,9/21/2016 8:11,1,50,High School or Below,male
xqd20160218,PAIDOFF,800,15,9/12/2016,9/26/2016,9/26/2016 9:00,1,31,High School or Below,female
xqd20160219,PAIDOFF,1000,15,9/12/2016,9/26/2016,9/26/2016 13:00,1,31,High School or Below,male
xqd20160220,PAIDOFF,1000,30,9/12/2016,10/11/2016,10/11/2016 13:01,1,29,High School or Below,male
xqd20160221,PAIDOFF,1000,15,9/12/2016,9/26/2016,9/26/2016 23:00,1,35,BSc,male
xqd20160222,PAIDOFF,1000,30,9/12/2016,10/11/2016,10/11/2016 9:01,1,39,BSc,male
xqd20160223,PAIDOFF,1000,30,9/12/2016,11/10/2016,11/10/2016 13:00,1,29,BSc,male
xqd20160224,PAIDOFF,1000,15,9/12/2016,9/26/2016,9/26/2016 23:00,1,30,High School or Below,male
xqd20160225,PAIDOFF,1000,30,9/12/2016,10/11/2016,10/9/2016 10:00,1,33,BSc,male
xqd20160226,PAIDOFF,1000,30,9/12/2016,10/11/2016,10/11/2016 13:01,1,26,High School or Below,male
xqd20160227,PAIDOFF,1000,15,9/12/2016,9/26/2016,9/23/2016 14:01,1,25,High School or Below,male
xqd20160228,PAIDOFF,800,15,9/12/2016,9/26/2016,9/25/2016 13:29,1,37,BSc,male
xqd20160229,PAIDOFF,800,15,9/12/2016,9/26/2016,9/25/2016 14:50,1,26,High School or Below,male
xqd20160230,PAIDOFF,800,15,9/12/2016,9/26/2016,9/26/2016 9:00,1,26,BSc,male
xqd20160231,PAIDOFF,1000,15,9/12/2016,10/26/2016,10/26/2016 9:00,1,27,BSc,male
xqd20160232,PAIDOFF,1000,7,9/12/2016,9/25/2016,9/25/2016 9:01,1,34,BSc,female
xqd20160233,PAIDOFF,1000,30,9/12/2016,10/11/2016,10/8/2016 15:35,1,37,BSc,male
xqd20160234,PAIDOFF,1000,30,9/12/2016,10/11/2016,10/11/2016 16:01,1,36,High School or Below,male
xqd20160235,PAIDOFF,800,15,9/12/2016,9/26/2016,9/26/2016 19:35,1,33,High School or Below,male
xqd20160236,PAIDOFF,1000,30,9/12/2016,10/11/2016,10/9/2016 21:28,1,30,High School or Below,male
xqd20160237,PAIDOFF,1000,30,9/12/2016,10/11/2016,10/7/2016 16:45,1,30,BSc,male
xqd20160238,PAIDOFF,800,15,9/12/2016,9/26/2016,9/24/2016 12:13,1,36,High School or Below,male
xqd20160239,PAIDOFF,1000,15,9/12/2016,10/11/2016,10/11/2016 9:01,1,29,BSc,male
xqd20160240,PAIDOFF,1000,15,9/12/2016,9/26/2016,9/14/2016 23:02,1,36,High School or Below,male
xqd20160241,PAIDOFF,1000,30,9/12/2016,10/11/2016,10/8/2016 11:03,1,32,High School or Below,male
xqd20160242,PAIDOFF,1000,15,9/12/2016,9/26/2016,9/26/2016 9:00,1,29,High School or Below,female
xqd20160243,PAIDOFF,800,15,9/12/2016,9/26/2016,9/26/2016 23:00,1,36,BSc,male
xqd20160244,PAIDOFF,800,15,9/12/2016,9/26/2016,9/25/2016 19:31,1,30,High School or Below,female
xqd20160245,PAIDOFF,1000,7,9/13/2016,9/19/2016,9/14/2016 19:48,1,31,BSc,male
xqd20160246,PAIDOFF,1000,30,9/13/2016,10/12/2016,10/12/2016 23:00,1,19,High School or Below,female
xqd20160247,PAIDOFF,800,15,9/13/2016,9/27/2016,9/25/2016 12:48,1,26,BSc,male
xqd20160248,PAIDOFF,800,15,9/13/2016,9/27/2016,9/26/2016 21:18,1,34,High School or Below,male
xqd20160249,PAIDOFF,1000,30,9/13/2016,10/12/2016,10/7/2016 10:22,1,35,High School or Below,male
xqd20160250,PAIDOFF,1000,15,9/13/2016,9/27/2016,9/26/2016 6:17,1,35,BSc,female
xqd20160251,PAIDOFF,800,15,9/13/2016,9/27/2016,9/22/2016 16:57,1,38,BSc,male
xqd20160252,PAIDOFF,1000,30,9/13/2016,10/12/2016,10/9/2016 21:57,1,29,BSc,male
xqd20160253,PAIDOFF,1000,30,9/13/2016,10/12/2016,10/4/2016 12:59,1,28,High School or Below,male
xqd20160254,PAIDOFF,500,7,9/13/2016,9/19/2016,9/17/2016 20:51,1,22,High School or Below,male
xqd20160255,PAIDOFF,1000,30,9/13/2016,10/12/2016,10/12/2016 23:00,1,32,BSc,male
xqd20160256,PAIDOFF,1000,30,9/13/2016,10/12/2016,10/8/2016 15:51,1,31,BSc,male
xqd20160257,PAIDOFF,800,15,9/13/2016,9/27/2016,9/27/2016 9:00,1,28,BSc,male
xqd20160258,PAIDOFF,1000,15,9/13/2016,9/27/2016,9/27/2016 9:00,1,37,BSc,female
xqd20160259,PAIDOFF,1000,7,9/13/2016,9/19/2016,9/16/2016 15:57,1,25,BSc,male
xqd20160260,PAIDOFF,1000,30,9/13/2016,10/12/2016,10/12/2016 9:00,1,19,High School or Below,male
xqd20160261,PAIDOFF,800,15,9/13/2016,9/27/2016,9/26/2016 7:48,1,51,BSc,male
xqd20160262,PAIDOFF,1000,15,9/13/2016,9/27/2016,9/21/2016 16:53,1,29,High School or Below,male
xqd20160263,PAIDOFF,800,30,9/13/2016,10/12/2016,10/11/2016 0:29,1,23,BSc,female
xqd20160264,PAIDOFF,1000,15,9/13/2016,9/27/2016,9/25/2016 10:37,1,30,High School or Below,male
xqd20160265,PAIDOFF,800,15,9/13/2016,9/27/2016,9/27/2016 13:00,1,23,BSc,male
xqd20160266,PAIDOFF,1000,15,9/13/2016,9/27/2016,9/26/2016 15:10,1,34,BSc,female
xqd20160267,PAIDOFF,800,15,9/13/2016,9/27/2016,9/24/2016 12:46,1,31,BSc,female
xqd20160268,PAIDOFF,1000,15,9/14/2016,9/28/2016,9/28/2016 9:00,1,24,High School or Below,male
xqd20160269,PAIDOFF,1000,30,9/14/2016,10/13/2016,10/13/2016 9:00,1,42,High School or Below,male
xqd20160270,PAIDOFF,800,30,9/14/2016,10/13/2016,10/6/2016 12:09,1,40,BSc,female
xqd20160271,PAIDOFF,1000,30,9/14/2016,10/13/2016,10/14/2016 11:03,1,29,High School or Below,male
xqd20160272,PAIDOFF,1000,30,9/14/2016,10/13/2016,10/8/2016 17:12,1,32,BSc,female
xqd20160273,PAIDOFF,1000,30,9/14/2016,11/12/2016,11/12/2016 9:00,1,28,BSc,male
xqd20160274,PAIDOFF,1000,30,9/14/2016,10/13/2016,10/13/2016 9:00,1,35,High School or Below,male
xqd20160275,PAIDOFF,1000,30,9/14/2016,10/13/2016,10/13/2016 13:00,1,30,BSc,male
xqd20160276,PAIDOFF,800,15,9/14/2016,9/28/2016,9/27/2016 15:52,1,44,BSc,male
xqd20160277,PAIDOFF,800,15,9/14/2016,9/28/2016,9/28/2016 13:00,1,37,High School or Below,male
xqd20160278,PAIDOFF,1000,30,9/14/2016,10/13/2016,10/13/2016 9:00,1,31,BSc,male
xqd20160279,PAIDOFF,800,15,9/14/2016,9/28/2016,9/15/2016 0:43,1,36,BSc,male
xqd20160280,PAIDOFF,800,30,9/14/2016,10/13/2016,10/10/2016 10:25,1,31,BSc,male
xqd20160281,PAIDOFF,800,15,9/14/2016,9/28/2016,9/27/2016 20:41,1,42,High School or Below,male
xqd20160282,PAIDOFF,1000,15,9/14/2016,9/28/2016,9/28/2016 9:00,1,28,BSc,male
xqd20160283,PAIDOFF,1000,30,9/14/2016,10/13/2016,10/6/2016 6:51,1,30,BSc,male
xqd20160284,PAIDOFF,1000,30,9/14/2016,10/13/2016,10/12/2016 6:25,1,30,High School or Below,male
xqd20160285,PAIDOFF,1000,15,9/14/2016,9/28/2016,9/27/2016 22:50,1,24,BSc,male
xqd20160286,PAIDOFF,1000,30,9/14/2016,11/12/2016,11/12/2016 9:00,1,34,BSc,male
xqd20160287,PAIDOFF,1000,30,9/14/2016,10/13/2016,10/12/2016 12:30,1,29,BSc,male
xqd20160288,PAIDOFF,1000,30,9/14/2016,10/13/2016,10/12/2016 3:49,1,38,High School or Below,female
xqd20160289,PAIDOFF,1000,30,9/14/2016,10/13/2016,10/13/2016 13:00,1,34,BSc,male
xqd20160290,PAIDOFF,800,15,9/14/2016,9/28/2016,9/27/2016 7:48,1,28,High School or Below,male
xqd20160291,PAIDOFF,1000,15,9/14/2016,9/28/2016,9/22/2016 9:28,1,30,BSc,female
xqd20160292,PAIDOFF,1000,30,9/14/2016,10/13/2016,10/11/2016 16:33,1,41,High School or Below,male
xqd20160293,PAIDOFF,1000,30,9/14/2016,10/13/2016,9/18/2016 16:56,1,29,BSc,male
xqd20160294,PAIDOFF,1000,30,9/14/2016,10/13/2016,10/13/2016 9:00,1,37,High School or Below,male
xqd20160295,PAIDOFF,1000,30,9/14/2016,10/13/2016,10/13/2016 13:00,1,36,BSc,male
xqd20160296,PAIDOFF,1000,30,9/14/2016,10/13/2016,10/13/2016 13:00,1,30,BSc,female
xqd20160297,PAIDOFF,800,15,9/14/2016,9/28/2016,9/21/2016 4:42,1,27,BSc,male
xqd20160298,PAIDOFF,1000,30,9/14/2016,10/13/2016,10/13/2016 9:00,1,29,High School or Below,male
xqd20160299,PAIDOFF,1000,30,9/14/2016,10/13/2016,10/13/2016 9:00,1,40,High School or Below,male
xqd20160300,PAIDOFF,1000,30,9/14/2016,10/13/2016,10/13/2016 11:00,1,28,BSc,male
xqd20160301,UNPAID,1000,15,9/9/2016,9/23/2016,,0,29,BSc,male
xqd20160302,UNPAID,1000,30,9/9/2016,10/8/2016,,0,37,High School or Below,male
xqd20160303,UNPAID,1000,30,9/9/2016,10/8/2016,,0,33,High School or Below,male
xqd20160304,UNPAID,800,15,9/9/2016,9/23/2016,,0,27,BSc,male
xqd20160305,UNPAID,800,15,9/9/2016,9/23/2016,,0,24,BSc,male
xqd20160306,UNPAID,1000,15,9/10/2016,9/24/2016,,0,31,High School or Below,female
xqd20160307,UNPAID,800,15,9/10/2016,10/9/2016,,0,28,BSc,male
xqd20160308,UNPAID,1000,30,9/10/2016,10/9/2016,,0,40,High School or Below,male
xqd20160309,UNPAID,1000,30,9/10/2016,10/9/2016,,0,33,BSc,male
xqd20160310,UNPAID,800,15,9/10/2016,9/24/2016,,0,41,BSc,male
xqd20160311,UNPAID,1000,30,9/10/2016,10/9/2016,,0,30,BSc,male
xqd20160312,UNPAID,800,15,9/10/2016,9/24/2016,,0,26,High School or Below,female
xqd20160313,UNPAID,1000,30,9/10/2016,10/9/2016,,0,27,High School or Below,male
xqd20160314,UNPAID,1000,30,9/10/2016,10/9/2016,,0,20,High School or Below,male
xqd20160315,UNPAID,1000,30,9/10/2016,10/9/2016,,0,24,BSc,male
xqd20160316,UNPAID,1000,15,9/10/2016,10/9/2016,,0,26,High School or Below,male
xqd20160317,UNPAID,1000,30,9/10/2016,10/9/2016,,0,30,High School or Below,male
xqd20160318,UNPAID,1000,15,9/10/2016,9/24/2016,,0,29,High School or Below,male
xqd20160319,UNPAID,1000,30,9/10/2016,10/9/2016,,0,22,BSc,male
xqd20160320,UNPAID,1000,15,9/10/2016,9/24/2016,,0,24,BSc,male
xqd20160321,UNPAID,1000,30,9/10/2016,10/9/2016,,0,25,BSc,male
xqd20160322,UNPAID,1000,30,9/10/2016,10/9/2016,,0,28,High School or Below,male
xqd20160323,UNPAID,1000,30,9/10/2016,10/9/2016,,0,37,BSc,male
xqd20160324,UNPAID,800,15,9/10/2016,9/24/2016,,0,32,BSc,male
xqd20160325,UNPAID,1000,15,9/10/2016,9/24/2016,,0,34,BSc,male
xqd20160326,UNPAID,1000,30,9/11/2016,10/10/2016,,0,28,BSc,male
xqd20160327,UNPAID,800,15,9/11/2016,9/25/2016,,0,35,BSc,male
xqd20160328,UNPAID,1000,30,9/11/2016,11/9/2016,,0,27,BSc,male
xqd20160329,UNPAID,1000,30,9/11/2016,10/10/2016,,0,24,High School or Below,female
xqd20160330,UNPAID,1000,30,9/11/2016,10/10/2016,,0,44,BSc,male
xqd20160331,UNPAID,1000,15,9/11/2016,10/25/2016,,0,31,BSc,male
xqd20160332,UNPAID,800,15,9/11/2016,9/25/2016,,0,27,BSc,male
xqd20160333,UNPAID,1000,30,9/11/2016,10/10/2016,,0,21,High School or Below,male
xqd20160334,UNPAID,1000,30,9/11/2016,10/10/2016,,0,30,High School or Below,female
xqd20160335,UNPAID,1000,30,9/11/2016,10/10/2016,,0,38,BSc,female
xqd20160336,UNPAID,1000,30,9/11/2016,10/10/2016,,0,34,High School or Below,male
xqd20160337,UNPAID,1000,30,9/11/2016,10/10/2016,,0,31,BSc,male
xqd20160338,UNPAID,1000,30,9/11/2016,10/10/2016,,0,23,High School or Below,male
xqd20160339,UNPAID,1000,15,9/11/2016,9/25/2016,,0,27,BSc,female
xqd20160340,UNPAID,1000,15,9/11/2016,9/25/2016,,0,39,High School or Below,male
xqd20160341,UNPAID,1000,30,9/11/2016,10/10/2016,,0,30,High School or Below,female
xqd20160342,UNPAID,1000,30,9/11/2016,10/10/2016,,0,25,BSc,male
xqd20160343,UNPAID,1000,15,9/11/2016,9/25/2016,,0,50,Master or Above,male
xqd20160344,UNPAID,1000,30,9/11/2016,10/10/2016,,0,23,High School or Below,male
xqd20160345,UNPAID,800,15,9/11/2016,9/25/2016,,0,38,BSc,male
xqd20160346,UNPAID,1000,30,9/11/2016,10/10/2016,,0,27,High School or Below,male
xqd20160347,UNPAID,1000,30,9/11/2016,11/9/2016,,0,31,High School or Below,male
xqd20160348,UNPAID,800,15,9/11/2016,9/25/2016,,0,40,BSc,male
xqd20160349,UNPAID,1000,30,9/11/2016,10/10/2016,,0,32,High School or Below,male
xqd20160350,UNPAID,800,15,9/11/2016,9/25/2016,,0,29,BSc,male
xqd20160351,UNPAID,1000,30,9/11/2016,10/10/2016,,0,26,High School or Below,male
xqd20160352,UNPAID,1000,15,9/11/2016,9/25/2016,,0,25,BSc,male
xqd20160353,UNPAID,1000,30,9/11/2016,10/10/2016,,0,35,High School or Below,male
xqd20160354,UNPAID,1000,30,9/11/2016,10/10/2016,,0,41,High School or Below,male
xqd20160355,UNPAID,1000,30,9/11/2016,10/10/2016,,0,37,High School or Below,male
xqd20160356,UNPAID,1000,15,9/11/2016,10/10/2016,,0,34,BSc,male
xqd20160357,UNPAID,1000,30,9/11/2016,10/10/2016,,0,45,High School or Below,male
xqd20160358,UNPAID,1000,30,9/11/2016,10/10/2016,,0,26,BSc,male
xqd20160359,UNPAID,1000,30,9/11/2016,10/10/2016,,0,32,BSc,male
xqd20160360,UNPAID,1000,30,9/11/2016,10/10/2016,,0,28,High School or Below,male
xqd20160361,UNPAID,1000,30,9/11/2016,10/10/2016,,0,34,BSc,male
xqd20160362,UNPAID,800,15,9/11/2016,9/25/2016,,0,29,High School or Below,male
xqd20160363,UNPAID,1000,30,9/11/2016,10/10/2016,,0,26,High School or Below,male
xqd20160364,UNPAID,1000,15,9/11/2016,9/25/2016,,0,26,BSc,male
xqd20160365,UNPAID,800,15,9/11/2016,9/25/2016,,0,22,BSc,male
xqd20160366,UNPAID,1000,30,9/11/2016,10/10/2016,,0,27,High School or Below,female
xqd20160367,UNPAID,800,30,9/11/2016,10/10/2016,,0,33,High School or Below,male
xqd20160368,UNPAID,800,15,9/11/2016,9/25/2016,,0,28,BSc,male
xqd20160369,UNPAID,1000,30,9/11/2016,10/10/2016,,0,24,BSc,male
xqd20160370,UNPAID,1000,30,9/11/2016,10/10/2016,,0,37,High School or Below,male
xqd20160371,UNPAID,800,15,9/11/2016,9/25/2016,,0,36,High School or Below,male
xqd20160372,UNPAID,1000,30,9/11/2016,10/10/2016,,0,18,BSc,male
xqd20160373,UNPAID,800,15,9/11/2016,9/25/2016,,0,25,High School or Below,male
xqd20160374,UNPAID,1000,15,9/11/2016,9/25/2016,,0,40,High School or Below,male
xqd20182575,UNPAID,1000,30,9/11/2016,10/10/2016,,0,29,BSc,male
xqd20160376,UNPAID,800,15,9/11/2016,9/25/2016,,0,26,High School or Below,female
xqd20151038,UNPAID,1000,15,9/11/2016,9/25/2016,,0,30,BSc,male
xqd20160378,UNPAID,1000,30,9/11/2016,10/10/2016,,0,33,BSc,male
xqd20197340,UNPAID,1000,30,9/11/2016,10/10/2016,,0,30,BSc,male
xqd20160380,UNPAID,1000,30,9/11/2016,10/10/2016,,0,32,BSc,male
xqd20160381,UNPAID,1000,30,9/11/2016,10/10/2016,,0,25,High School or Below,male
xqd20160382,UNPAID,800,15,9/11/2016,9/25/2016,,0,35,High School or Below,male
xqd20175721,UNPAID,1000,15,9/11/2016,9/25/2016,,0,30,BSc,male
xqd20160384,UNPAID,1000,30,9/11/2016,10/10/2016,,0,26,High School or Below,male
xqd20160385,UNPAID,1000,30,9/11/2016,10/10/2016,,0,29,High School or Below,male
xqd20160386,UNPAID,1000,30,9/11/2016,11/9/2016,,0,26,High School or Below,male
xqd20160387,UNPAID,800,15,9/11/2016,9/25/2016,,0,46,High School or Below,male
xqd20160388,UNPAID,1000,30,9/11/2016,10/10/2016,,0,36,High School or Below,male
xqd20160389,UNPAID,1000,15,9/11/2016,9/25/2016,,0,38,BSc,male
xqd20160390,UNPAID,1000,15,9/11/2016,10/25/2016,,0,32,High School or Below,male
xqd20160391,UNPAID,1000,15,9/11/2016,9/25/2016,,0,30,BSc,male
xqd20125284,UNPAID,800,15,9/11/2016,9/25/2016,,0,35,High School or Below,male
xqd20160393,UNPAID,1000,30,9/11/2016,10/10/2016,,0,29,BSc,female
xqd20160394,UNPAID,1000,30,9/11/2016,11/9/2016,,0,26,BSc,male
xqd20160395,UNPAID,800,15,9/11/2016,9/25/2016,,0,32,High School or Below,male
xqd20160396,UNPAID,1000,30,9/11/2016,10/10/2016,,0,25,High School or Below,male
xqd20160397,UNPAID,1000,30,9/12/2016,10/11/2016,,0,33,High School or Below,male
xqd20160398,UNPAID,800,15,9/12/2016,9/26/2016,,0,39,BSc,male
xqd20160399,UNPAID,1000,30,9/12/2016,11/10/2016,,0,28,BSc,male
xqd20160400,UNPAID,1000,30,9/12/2016,10/11/2016,,0,26,BSc,male
xqd20160401,UNPAID,1000,30,9/9/2016,10/8/2016,10/10/2016 11:45,0,26,BSc,male
xqd20160402,UNPAID,1000,15,9/9/2016,9/23/2016,9/27/2016 17:00,0,28,BSc,male
xqd20320403,UNPAID,1000,30,9/9/2016,11/7/2016,11/20/2016 14:10,0,39,BSc,male
xqd20160404,UNPAID,1000,15,9/9/2016,9/23/2016,9/28/2016 15:38,0,29,BSc,male
xqd20190405,UNPAID,800,15,9/9/2016,9/23/2016,9/26/2016 17:22,0,33,High School or Below,male
xqd20160406,UNPAID,1000,30,9/10/2016,10/9/2016,10/21/2016 14:00,0,27,BSc,male
xqd20160407,UNPAID,800,15,9/10/2016,9/24/2016,9/26/2016 11:03,0,34,BSc,male
xqd20160408,UNPAID,1000,30,9/10/2016,10/9/2016,11/5/2016 15:39,0,26,High School or Below,male
xqd20110409,UNPAID,1000,30,9/10/2016,10/9/2016,11/22/2016 15:53,0,28,High School or Below,male
xqd20160410,UNPAID,1000,15,9/10/2016,9/24/2016,9/29/2016 10:30,0,32,BSc,male
xqd20160411,UNPAID,800,15,9/10/2016,10/9/2016,10/10/2016 15:18,0,27,BSc,female
xqd20160412,UNPAID,1000,30,9/10/2016,10/9/2016,11/5/2016 10:49,0,21,BSc,male
xqd20160413,UNPAID,800,15,9/11/2016,9/25/2016,9/27/2016 17:10,0,39,BSc,male
xqd20169083,UNPAID,1000,15,9/11/2016,9/25/2016,9/26/2016 11:35,0,38,BSc,male
xqd20160415,UNPAID,1000,30,9/11/2016,10/10/2016,10/12/2016 9:59,0,36,High School or Below,female
xqd20160416,UNPAID,800,15,9/11/2016,9/25/2016,9/27/2016 17:14,0,33,BSc,male
xqd20160417,UNPAID,1000,30,9/11/2016,10/10/2016,10/11/2016 12:45,0,21,BSc,female
xqd20160418,UNPAID,800,15,9/11/2016,9/25/2016,9/28/2016 11:38,0,25,High School or Below,male
xqd20160419,UNPAID,800,15,9/11/2016,9/25/2016,10/7/2016 13:21,0,29,BSc,male
xqd20160420,UNPAID,1000,30,9/11/2016,10/10/2016,11/4/2016 15:37,0,33,High School or Below,male
xqd20160421,UNPAID,1000,15,9/11/2016,9/25/2016,9/28/2016 17:39,0,47,High School or Below,female
xqd20160422,UNPAID,1000,30,9/11/2016,10/10/2016,10/12/2016 9:52,0,33,BSc,male
xqd20160423,UNPAID,800,15,9/11/2016,9/25/2016,9/29/2016 15:12,0,23,High School or Below,male
xqd20160424,UNPAID,1000,15,9/11/2016,10/10/2016,10/12/2016 11:17,0,24,BSc,male
xqd20880425,UNPAID,1000,30,9/11/2016,11/9/2016,11/10/2016 22:58,0,27,High School or Below,male
xqd20160426,UNPAID,1000,30,9/11/2016,10/10/2016,11/3/2016 15:23,0,32,BSc,male
xqd20160427,UNPAID,1000,30,9/11/2016,10/10/2016,10/11/2016 16:44,0,33,BSc,male
xqd20160428,UNPAID,1000,30,9/11/2016,10/10/2016,10/11/2016 11:02,0,27,BSc,female
xqd20160429,UNPAID,1000,30,9/11/2016,10/10/2016,10/12/2016 13:17,0,35,High School or Below,male
xqd20160430,UNPAID,500,15,9/11/2016,10/10/2016,10/11/2016 17:22,0,37,BSc,male
xqd20160431,UNPAID,800,15,9/11/2016,9/25/2016,9/28/2016 14:02,0,28,BSc,male
xqd20160432,UNPAID,1000,15,9/11/2016,9/25/2016,9/29/2016 13:42,0,33,BSc,male
xqd20160433,UNPAID,800,7,9/11/2016,9/17/2016,9/19/2016 15:00,0,34,BSc,female
xqd20160434,UNPAID,1000,30,9/11/2016,10/10/2016,10/12/2016 14:32,0,29,BSc,male
xqd20160435,UNPAID,1000,30,9/11/2016,10/10/2016,10/11/2016 11:33,0,34,BSc,male
xqd20160436,UNPAID,1000,30,9/11/2016,10/10/2016,10/11/2016 16:27,0,29,BSc,male
xqd20790437,UNPAID,1000,30,9/11/2016,10/10/2016,11/15/2016 15:27,0,24,High School or Below,male
xqd20160438,UNPAID,1000,30,9/11/2016,10/10/2016,10/11/2016 16:13,0,34,High School or Below,male
xqd20160439,UNPAID,1000,30,9/11/2016,10/10/2016,10/17/2016 10:06,0,25,BSc,female
xqd20160440,UNPAID,1000,30,9/11/2016,11/9/2016,11/14/2016 13:15,0,24,BSc,male
xqd20160441,UNPAID,1000,30,9/11/2016,10/10/2016,10/24/2016 16:20,0,30,BSc,male
xqd20160442,UNPAID,1000,15,9/11/2016,9/25/2016,9/27/2016 16:35,0,28,BSc,male
xqd20160443,UNPAID,1000,30,9/11/2016,10/10/2016,10/11/2016 11:48,0,24,High School or Below,male
xqd20160444,UNPAID,1000,30,9/11/2016,10/10/2016,11/7/2016 19:21,0,26,BSc,female
xqd20160445,UNPAID,1000,30,9/11/2016,10/10/2016,10/12/2016 16:22,0,24,High School or Below,male
xqd20160446,UNPAID,1000,15,9/11/2016,9/25/2016,9/27/2016 17:24,0,29,BSc,male
xqd20420447,UNPAID,1000,30,9/11/2016,10/10/2016,11/4/2016 11:07,0,31,BSc,male
xqd20160448,UNPAID,1000,30,9/11/2016,10/10/2016,11/2/2016 9:39,0,26,BSc,male
xqd20160449,UNPAID,1000,30,9/11/2016,10/10/2016,10/13/2016 18:18,0,25,High School or Below,male
xqd20160450,UNPAID,1000,30,9/11/2016,10/10/2016,10/11/2016 11:29,0,29,BSc,male
xqd20160451,UNPAID,1000,30,9/11/2016,10/10/2016,10/13/2016 16:27,0,38,BSc,male
xqd20160452,UNPAID,800,15,9/11/2016,9/25/2016,9/29/2016 11:19,0,41,BSc,male
xqd20390453,UNPAID,1000,15,9/11/2016,9/25/2016,9/28/2016 11:17,0,26,High School or Below,male
xqd20160454,UNPAID,1000,30,9/12/2016,10/11/2016,10/14/2016 11:04,0,26,High School or Below,male
xqd20160455,UNPAID,1000,30,9/12/2016,10/11/2016,10/17/2016 17:40,0,35,High School or Below,male
xqd20160456,UNPAID,1000,15,9/12/2016,9/26/2016,9/28/2016 9:42,0,37,BSc,male
xqd20160457,UNPAID,1000,30,9/12/2016,10/11/2016,11/18/2016 15:52,0,25,BSc,male
xqd20160458,UNPAID,1000,30,9/12/2016,10/11/2016,10/30/2016 14:19,0,24,BSc,male
xqd20160459,UNPAID,1000,30,9/12/2016,10/11/2016,10/13/2016 15:10,0,34,BSc,male
xqd20160460,UNPAID,800,15,9/12/2016,9/26/2016,9/28/2016 13:36,0,33,BSc,male
xqd20490461,UNPAID,800,15,9/12/2016,9/26/2016,9/28/2016 15:34,0,38,BSc,male
xqd20160462,UNPAID,1000,30,9/12/2016,11/10/2016,11/17/2016 11:55,0,38,High School or Below,male
xqd20160463,UNPAID,1000,30,9/12/2016,11/10/2016,11/15/2016 18:51,0,26,BSc,male
xqd20870464,UNPAID,1000,15,9/12/2016,9/26/2016,9/30/2016 10:23,0,37,BSc,male
xqd20160465,UNPAID,1000,30,9/12/2016,11/10/2016,11/11/2016 17:17,0,42,High School or Below,female
xqd20169466,UNPAID,1000,30,9/12/2016,10/11/2016,10/12/2016 12:54,0,49,High School or Below,female
xqd20160467,UNPAID,1000,30,9/12/2016,10/11/2016,10/15/2016 9:48,0,26,High School or Below,male
xqd20160468,UNPAID,1000,15,9/12/2016,10/26/2016,10/27/2016 11:14,0,41,High School or Below,male
xqd20160469,UNPAID,1000,30,9/12/2016,10/11/2016,10/15/2016 14:14,0,38,High School or Below,male
xqd25660470,UNPAID,1000,30,9/12/2016,10/11/2016,12/2/2016 9:45,0,26,High School or Below,male
xqd20160471,UNPAID,1000,15,9/12/2016,9/26/2016,9/28/2016 15:02,0,32,High School or Below,male
xqd20160472,UNPAID,1000,30,9/12/2016,10/11/2016,11/4/2016 14:46,0,27,BSc,male
xqd20160473,UNPAID,800,15,9/12/2016,9/26/2016,11/16/2016 12:12,0,33,BSc,male
xqd20160474,UNPAID,1000,30,9/12/2016,10/11/2016,10/14/2016 19:02,0,30,High School or Below,male
xqd20160475,UNPAID,800,15,9/12/2016,9/26/2016,9/28/2016 11:34,0,26,High School or Below,female
xqd20160476,UNPAID,1000,30,9/12/2016,10/11/2016,11/9/2016 18:12,0,35,BSc,female
xqd20160477,UNPAID,800,15,9/12/2016,10/26/2016,10/31/2016 13:07,0,46,BSc,female
xqd20160478,UNPAID,1000,30,9/12/2016,10/11/2016,10/20/2016 17:38,0,27,BSc,male
xqd20160479,UNPAID,1000,15,9/12/2016,10/11/2016,11/7/2016 8:55,0,22,High School or Below,male
xqd20160480,UNPAID,1000,30,9/12/2016,10/11/2016,10/12/2016 18:26,0,27,BSc,male
xqd20160481,UNPAID,1000,15,9/12/2016,9/26/2016,10/25/2016 13:44,0,30,BSc,male
xqd20160482,UNPAID,1000,15,9/12/2016,9/26/2016,9/29/2016 15:07,0,27,High School or Below,male
xqd20160483,UNPAID,800,15,9/12/2016,9/26/2016,9/27/2016 11:40,0,47,BSc,male
xqd20160484,UNPAID,1000,30,9/12/2016,10/11/2016,10/18/2016 19:08,0,30,BSc,male
xqd20160485,UNPAID,1000,30,9/12/2016,10/11/2016,10/15/2016 9:23,0,26,BSc,male
xqd20160486,UNPAID,1000,30,9/12/2016,10/11/2016,10/14/2016 10:07,0,38,High School or Below,male
xqd20160487,UNPAID,800,15,9/12/2016,9/26/2016,11/21/2016 11:36,0,46,High School or Below,male
xqd20160488,UNPAID,1000,30,9/12/2016,10/11/2016,10/13/2016 12:02,0,35,BSc,male
xqd20160489,UNPAID,1000,15,9/12/2016,9/26/2016,10/9/2016 19:30,0,45,BSc,male
xqd20160490,UNPAID,1000,30,9/12/2016,10/11/2016,10/12/2016 18:04,0,36,BSc,male
xqd20160491,UNPAID,1000,30,9/12/2016,10/11/2016,10/17/2016 10:53,0,38,High School or Below,male
xqd20160492,UNPAID,1000,30,9/12/2016,10/11/2016,11/9/2016 13:41,0,27,BSc,male
xqd20160493,UNPAID,1000,30,9/12/2016,10/11/2016,10/25/2016 17:44,0,27,BSc,male
xqd20160494,UNPAID,1000,15,9/12/2016,9/26/2016,9/29/2016 12:45,0,29,BSc,male
xqd20160495,UNPAID,1000,30,9/12/2016,10/11/2016,10/13/2016 14:45,0,30,High School or Below,male
xqd20160496,UNPAID,1000,30,9/12/2016,10/11/2016,10/14/2016 19:08,0,28,High School or Below,male
xqd20160497,UNPAID,1000,15,9/12/2016,9/26/2016,10/10/2016 20:02,0,26,High School or Below,male
xqd20160498,UNPAID,800,15,9/12/2016,9/26/2016,9/29/2016 11:49,0,30,BSc,male
xqd20160499,UNPAID,1000,30,9/12/2016,11/10/2016,11/11/2016 22:40,0,38,BSc,female
xqd20160500,UNPAID,1000,30,9/12/2016,10/11/2016,10/19/2016 11:58,0,28,High School or Below,male
